Organization Name,AOC,Project,Y1 Final Status (Post-Email Check) (AOC Level),Y2 Final Status (Post-Email Check) (AOC Level)
1ST CARE MEDICAL CLINIC,Adult BH,BH,No Application,No Application
1ST CARE MEDICAL CLINIC,Adult PCP,PCP,Eligible,Eligible
1ST CARE MEDICAL CLINIC,Justice,Justice,No Application,No Application
1ST CARE MEDICAL CLINIC,Peds BH,BH,No Application,No Application
1ST CARE MEDICAL CLINIC,Peds PCP,PCP,Eligible,Eligible
A NEW LEAF INC,Adult BH,BH,No Application,No Application
A NEW LEAF INC,Adult PCP,PCP,No Application,No Application
A NEW LEAF INC,Justice,Justice,No Application,No Application
A NEW LEAF INC,Peds BH,BH,Eligible,Withdrawn
A NEW LEAF INC,Peds PCP,PCP,No Application,No Application
ACCU CARE URGENT CARE LLC,Adult BH,BH,No Application,No Application
ACCU CARE URGENT CARE LLC,Adult PCP,PCP,Eligible,Eligible
ACCU CARE URGENT CARE LLC,Justice,Justice,No Application,No Application
ACCU CARE URGENT CARE LLC,Peds BH,BH,No Application,No Application
ACCU CARE URGENT CARE LLC,Peds PCP,PCP,No Application,No Application
ADELANTE HEALTHCARE INC,Adult BH,BH,Eligible,Eligible
ADELANTE HEALTHCARE INC,Adult PCP,PCP,Eligible,Eligible
ADELANTE HEALTHCARE INC,Justice,Justice,No Application,No Application
ADELANTE HEALTHCARE INC,Peds BH,BH,Eligible,Eligible
ADELANTE HEALTHCARE INC,Peds PCP,PCP,Eligible,Eligible
ADVENTURE ABA,Adult BH,BH,Rejected,Rejected
ADVENTURE ABA,Adult PCP,PCP,No Application,No Application
ADVENTURE ABA,Justice,Justice,No Application,No Application
ADVENTURE ABA,Peds BH,BH,Rejected,Rejected
ADVENTURE ABA,Peds PCP,PCP,No Application,No Application
ALIA FAMILY PRACTICE INC,Adult BH,BH,No Application,No Application
ALIA FAMILY PRACTICE INC,Adult PCP,PCP,Eligible,Eligible
ALIA FAMILY PRACTICE INC,Justice,Justice,No Application,No Application
ALIA FAMILY PRACTICE INC,Peds BH,BH,No Application,No Application
ALIA FAMILY PRACTICE INC,Peds PCP,PCP,No Application,No Application
ALIUM HEALTH LLC,Adult BH,BH,Eligible,Eligible
ALIUM HEALTH LLC,Adult PCP,PCP,Eligible,Eligible
ALIUM HEALTH LLC,Justice,Justice,No Application,No Application
ALIUM HEALTH LLC,Peds BH,BH,No Application,No Application
ALIUM HEALTH LLC,Peds PCP,PCP,No Application,No Application
"Another Level of Community Service, LLC",Adult BH,BH,No Application,No Application
"Another Level of Community Service, LLC",Adult PCP,PCP,No Application,No Application
"Another Level of Community Service, LLC",Justice,Justice,No Application,No Application
"Another Level of Community Service, LLC",Peds BH,BH,No Application,No Application
"Another Level of Community Service, LLC",Peds PCP,PCP,No Application,No Application
ARBOR MEDICAL PARTNERS LLC,Adult BH,BH,No Application,No Application
ARBOR MEDICAL PARTNERS LLC,Adult PCP,PCP,No Application,No Application
ARBOR MEDICAL PARTNERS LLC,Justice,Justice,No Application,No Application
ARBOR MEDICAL PARTNERS LLC,Peds BH,BH,No Application,No Application
ARBOR MEDICAL PARTNERS LLC,Peds PCP,PCP,Eligible,Eligible
ARIZONA COMMUNITY PHYSICIANS,Adult BH,BH,No Application,No Application
ARIZONA COMMUNITY PHYSICIANS,Adult PCP,PCP,No Application,No Application
ARIZONA COMMUNITY PHYSICIANS,Justice,Justice,No Application,No Application
ARIZONA COMMUNITY PHYSICIANS,Peds BH,BH,No Application,No Application
ARIZONA COMMUNITY PHYSICIANS,Peds PCP,PCP,Eligible,Eligible
ARIZONAS CHILDREN ASSOC,Adult BH,BH,No Application,No Application
ARIZONAS CHILDREN ASSOC,Adult PCP,PCP,No Application,No Application
ARIZONAS CHILDREN ASSOC,Justice,Justice,No Application,No Application
ARIZONAS CHILDREN ASSOC,Peds BH,BH,Withdrawn,Withdrawn
ARIZONAS CHILDREN ASSOC,Peds PCP,PCP,No Application,No Application
ARIZONAS NEW HOPE,Adult BH,BH,Rejected,Rejected
ARIZONAS NEW HOPE,Adult PCP,PCP,No Application,No Application
ARIZONAS NEW HOPE,Justice,Justice,No Application,No Application
ARIZONAS NEW HOPE,Peds BH,BH,Rejected,Rejected
ARIZONAS NEW HOPE,Peds PCP,PCP,No Application,No Application
ASSURANCE ASSERTIVE COMM TRTMN,Adult BH,BH,Eligible,Eligible
ASSURANCE ASSERTIVE COMM TRTMN,Adult PCP,PCP,Eligible,Eligible
ASSURANCE ASSERTIVE COMM TRTMN,Justice,Justice,No Application,No Application
ASSURANCE ASSERTIVE COMM TRTMN,Peds BH,BH,No Application,No Application
ASSURANCE ASSERTIVE COMM TRTMN,Peds PCP,PCP,No Application,No Application
AURORA BEHAVIORAL HEALTH SYS,Adult BH,BH,Eligible,Eligible
AURORA BEHAVIORAL HEALTH SYS,Adult PCP,PCP,No Application,No Application
AURORA BEHAVIORAL HEALTH SYS,Justice,Justice,No Application,No Application
AURORA BEHAVIORAL HEALTH SYS,Peds BH,BH,Eligible,Eligible
AURORA BEHAVIORAL HEALTH SYS,Peds PCP,PCP,No Application,No Application
AURORA BEHAVIORAL HEALTHCARE,Adult BH,BH,Eligible,Eligible
AURORA BEHAVIORAL HEALTHCARE,Adult PCP,PCP,No Application,No Application
AURORA BEHAVIORAL HEALTHCARE,Justice,Justice,No Application,No Application
AURORA BEHAVIORAL HEALTHCARE,Peds BH,BH,Eligible,Eligible
AURORA BEHAVIORAL HEALTHCARE,Peds PCP,PCP,No Application,No Application
Aviva Children Services,Adult BH,BH,No Application,No Application
Aviva Children Services,Adult PCP,PCP,No Application,No Application
Aviva Children Services,Justice,Justice,No Application,No Application
Aviva Children Services,Peds BH,BH,Eligible,Eligible
Aviva Children Services,Peds PCP,PCP,No Application,No Application
BANNER PHYSICIAN SPECIALISTS,Adult BH,BH,Rejected,Rejected
BANNER PHYSICIAN SPECIALISTS,Adult PCP,PCP,No Application,No Application
BANNER PHYSICIAN SPECIALISTS,Justice,Justice,No Application,No Application
BANNER PHYSICIAN SPECIALISTS,Peds BH,BH,No Application,No Application
BANNER PHYSICIAN SPECIALISTS,Peds PCP,PCP,No Application,No Application
BANNER PRIMARY CARE PHYSICIANS,Adult BH,BH,No Application,No Application
BANNER PRIMARY CARE PHYSICIANS,Adult PCP,PCP,Eligible,Eligible
BANNER PRIMARY CARE PHYSICIANS,Justice,Justice,No Application,No Application
BANNER PRIMARY CARE PHYSICIANS,Peds BH,BH,No Application,No Application
BANNER PRIMARY CARE PHYSICIANS,Peds PCP,PCP,No Application,No Application
BANNER UNIV PRIMARY CARE PHYS,Adult BH,BH,No Application,No Application
BANNER UNIV PRIMARY CARE PHYS,Adult PCP,PCP,Eligible,Eligible
BANNER UNIV PRIMARY CARE PHYS,Justice,Justice,No Application,No Application
BANNER UNIV PRIMARY CARE PHYS,Peds BH,BH,No Application,No Application
BANNER UNIV PRIMARY CARE PHYS,Peds PCP,PCP,No Application,No Application
BANNER-UNIVERSITY MEDICAL GRP,Adult BH,BH,Eligible,Eligible
BANNER-UNIVERSITY MEDICAL GRP,Adult PCP,PCP,Eligible,Eligible
BANNER-UNIVERSITY MEDICAL GRP,Justice,Justice,No Application,No Application
BANNER-UNIVERSITY MEDICAL GRP,Peds BH,BH,No Application,No Application
BANNER-UNIVERSITY MEDICAL GRP,Peds PCP,PCP,Eligible,Eligible
BEHAVIORAL CONSULTATION SERVIC,Adult BH,BH,Eligible,Eligible
BEHAVIORAL CONSULTATION SERVIC,Adult PCP,PCP,No Application,No Application
BEHAVIORAL CONSULTATION SERVIC,Justice,Justice,No Application,No Application
BEHAVIORAL CONSULTATION SERVIC,Peds BH,BH,Eligible,Eligible
BEHAVIORAL CONSULTATION SERVIC,Peds PCP,PCP,No Application,No Application
BEIAS FAMILIES,Adult BH,BH,No Application,No Application
BEIAS FAMILIES,Adult PCP,PCP,No Application,No Application
BEIAS FAMILIES,Justice,Justice,No Application,No Application
BEIAS FAMILIES,Peds BH,BH,No Application,No Application
BEIAS FAMILIES,Peds PCP,PCP,No Application,No Application
BETHESDA PEDIATRICS OF QUEEN C,Adult BH,BH,No Application,No Application
BETHESDA PEDIATRICS OF QUEEN C,Adult PCP,PCP,No Application,No Application
BETHESDA PEDIATRICS OF QUEEN C,Justice,Justice,No Application,No Application
BETHESDA PEDIATRICS OF QUEEN C,Peds BH,BH,No Application,No Application
BETHESDA PEDIATRICS OF QUEEN C,Peds PCP,PCP,Eligible,Eligible
BRAIN SOLUTIONS PLLC,Adult BH,BH,Rejected,Rejected
BRAIN SOLUTIONS PLLC,Adult PCP,PCP,No Application,No Application
BRAIN SOLUTIONS PLLC,Justice,Justice,No Application,No Application
BRAIN SOLUTIONS PLLC,Peds BH,BH,No Application,No Application
BRAIN SOLUTIONS PLLC,Peds PCP,PCP,No Application,No Application
BUILDING BLOCKS COUNSELING LLC,Adult BH,BH,No Application,No Application
BUILDING BLOCKS COUNSELING LLC,Adult PCP,PCP,No Application,No Application
BUILDING BLOCKS COUNSELING LLC,Justice,Justice,Eligible,Eligible
BUILDING BLOCKS COUNSELING LLC,Peds BH,BH,No Application,No Application
BUILDING BLOCKS COUNSELING LLC,Peds PCP,PCP,No Application,No Application
CACTUS CHILDRENS CLINIC,Adult BH,BH,No Application,No Application
CACTUS CHILDRENS CLINIC,Adult PCP,PCP,No Application,No Application
CACTUS CHILDRENS CLINIC,Justice,Justice,No Application,No Application
CACTUS CHILDRENS CLINIC,Peds BH,BH,No Application,No Application
CACTUS CHILDRENS CLINIC,Peds PCP,PCP,Eligible,Eligible
CALLIE PEDIATRICS PC,Adult BH,BH,No Application,No Application
CALLIE PEDIATRICS PC,Adult PCP,PCP,No Application,No Application
CALLIE PEDIATRICS PC,Justice,Justice,No Application,No Application
CALLIE PEDIATRICS PC,Peds BH,BH,No Application,No Application
CALLIE PEDIATRICS PC,Peds PCP,PCP,Eligible,Eligible
CANYON PEDIATRICS INC,Adult BH,BH,No Application,No Application
CANYON PEDIATRICS INC,Adult PCP,PCP,No Application,No Application
CANYON PEDIATRICS INC,Justice,Justice,No Application,No Application
CANYON PEDIATRICS INC,Peds BH,BH,No Application,No Application
CANYON PEDIATRICS INC,Peds PCP,PCP,Eligible,Eligible
CANYONLANDS COMMUNITY HEALTH,Adult BH,BH,No Application,No Application
CANYONLANDS COMMUNITY HEALTH,Adult PCP,PCP,Rejected,Rejected
CANYONLANDS COMMUNITY HEALTH,Justice,Justice,No Application,No Application
CANYONLANDS COMMUNITY HEALTH,Peds BH,BH,No Application,No Application
CANYONLANDS COMMUNITY HEALTH,Peds PCP,PCP,No Application,No Application
CASA DE LOS NINOS,Adult BH,BH,Eligible,Eligible
CASA DE LOS NINOS,Adult PCP,PCP,No Application,No Application
CASA DE LOS NINOS,Justice,Justice,No Application,No Application
CASA DE LOS NINOS,Peds BH,BH,Eligible,Eligible
CASA DE LOS NINOS,Peds PCP,PCP,No Application,No Application
CENTRAL ARIZONA SHELTER SERVIC,Adult BH,BH,No Application,Eligible
CENTRAL ARIZONA SHELTER SERVIC,Adult PCP,PCP,No Application,No Application
CENTRAL ARIZONA SHELTER SERVIC,Justice,Justice,No Application,No Application
CENTRAL ARIZONA SHELTER SERVIC,Peds BH,BH,No Application,No Application
CENTRAL ARIZONA SHELTER SERVIC,Peds PCP,PCP,No Application,No Application
CENTRAL ARIZONA SHELTER SERVICES,Adult BH,BH,No Application,No Application
CENTRAL ARIZONA SHELTER SERVICES,Adult PCP,PCP,No Application,No Application
CENTRAL ARIZONA SHELTER SERVICES,Justice,Justice,No Application,No Application
CENTRAL ARIZONA SHELTER SERVICES,Peds BH,BH,No Application,No Application
CENTRAL ARIZONA SHELTER SERVICES,Peds PCP,PCP,No Application,No Application
CENTRAL PHOENIX FAMILY MEDICI,Adult BH,BH,No Application,No Application
CENTRAL PHOENIX FAMILY MEDICI,Adult PCP,PCP,Eligible,Eligible
CENTRAL PHOENIX FAMILY MEDICI,Justice,Justice,No Application,No Application
CENTRAL PHOENIX FAMILY MEDICI,Peds BH,BH,No Application,No Application
CENTRAL PHOENIX FAMILY MEDICI,Peds PCP,PCP,No Application,No Application
CHANDLER PEDIATRICS LLC,Adult BH,BH,No Application,No Application
CHANDLER PEDIATRICS LLC,Adult PCP,PCP,No Application,No Application
CHANDLER PEDIATRICS LLC,Justice,Justice,No Application,No Application
CHANDLER PEDIATRICS LLC,Peds BH,BH,No Application,No Application
CHANDLER PEDIATRICS LLC,Peds PCP,PCP,Eligible,Eligible
CHANGEPOINT INTEGRATED HEALTH,Adult BH,BH,Eligible,Eligible
CHANGEPOINT INTEGRATED HEALTH,Adult PCP,PCP,No Application,No Application
CHANGEPOINT INTEGRATED HEALTH,Justice,Justice,No Application,No Application
CHANGEPOINT INTEGRATED HEALTH,Peds BH,BH,Eligible,Eligible
CHANGEPOINT INTEGRATED HEALTH,Peds PCP,PCP,No Application,No Application
CHICANOS POR LA CAUSA INC,Adult BH,BH,Eligible,Eligible
CHICANOS POR LA CAUSA INC,Adult PCP,PCP,No Application,No Application
CHICANOS POR LA CAUSA INC,Justice,Justice,No Application,No Application
CHICANOS POR LA CAUSA INC,Peds BH,BH,No Application,No Application
CHICANOS POR LA CAUSA INC,Peds PCP,PCP,No Application,No Application
CHILD & FAMILY SUPPORT SERVICE,Adult BH,BH,No Application,No Application
CHILD & FAMILY SUPPORT SERVICE,Adult PCP,PCP,No Application,No Application
CHILD & FAMILY SUPPORT SERVICE,Justice,Justice,No Application,No Application
CHILD & FAMILY SUPPORT SERVICE,Peds BH,BH,Eligible,Eligible
CHILD & FAMILY SUPPORT SERVICE,Peds PCP,PCP,No Application,No Application
CHILDREN'S CLINICS FOR REHAB,Adult BH,BH,No Application,No Application
CHILDREN'S CLINICS FOR REHAB,Adult PCP,PCP,No Application,No Application
CHILDREN'S CLINICS FOR REHAB,Justice,Justice,No Application,No Application
CHILDREN'S CLINICS FOR REHAB,Peds BH,BH,No Application,No Application
CHILDREN'S CLINICS FOR REHAB,Peds PCP,PCP,Eligible,Eligible
Choose Life Wellness,Adult BH,BH,No Application,Eligible
Choose Life Wellness,Adult PCP,PCP,No Application,No Application
Choose Life Wellness,Justice,Justice,No Application,No Application
Choose Life Wellness,Peds BH,BH,No Application,No Application
Choose Life Wellness,Peds PCP,PCP,No Application,No Application
CLEARPATH FAMILY HEALTHCARE LT,Adult BH,BH,No Application,No Application
CLEARPATH FAMILY HEALTHCARE LT,Adult PCP,PCP,Eligible,Eligible
CLEARPATH FAMILY HEALTHCARE LT,Justice,Justice,No Application,No Application
CLEARPATH FAMILY HEALTHCARE LT,Peds BH,BH,No Application,No Application
CLEARPATH FAMILY HEALTHCARE LT,Peds PCP,PCP,No Application,No Application
CLINICA HISPANA OF WEST VALLEY,Adult BH,BH,No Application,No Application
CLINICA HISPANA OF WEST VALLEY,Adult PCP,PCP,No Application,No Application
CLINICA HISPANA OF WEST VALLEY,Justice,Justice,No Application,No Application
CLINICA HISPANA OF WEST VALLEY,Peds BH,BH,No Application,No Application
CLINICA HISPANA OF WEST VALLEY,Peds PCP,PCP,Eligible,Eligible
CLINICA LA FAMILIA PC,Adult BH,BH,No Application,No Application
CLINICA LA FAMILIA PC,Adult PCP,PCP,Eligible,Eligible
CLINICA LA FAMILIA PC,Justice,Justice,No Application,No Application
CLINICA LA FAMILIA PC,Peds BH,BH,No Application,No Application
CLINICA LA FAMILIA PC,Peds PCP,PCP,No Application,No Application
CODAC HEALTH RECOVERY & WELLN,Adult BH,BH,Eligible,Eligible
CODAC HEALTH RECOVERY & WELLN,Adult PCP,PCP,Eligible,Eligible
CODAC HEALTH RECOVERY & WELLN,Justice,Justice,No Application,No Application
CODAC HEALTH RECOVERY & WELLN,Peds BH,BH,No Application,No Application
CODAC HEALTH RECOVERY & WELLN,Peds PCP,PCP,No Application,No Application
COLORADO RIVER BEHAVIORAL HEAL,Adult BH,BH,Eligible,Eligible
COLORADO RIVER BEHAVIORAL HEAL,Adult PCP,PCP,No Application,No Application
COLORADO RIVER BEHAVIORAL HEAL,Justice,Justice,No Application,No Application
COLORADO RIVER BEHAVIORAL HEAL,Peds BH,BH,No Application,No Application
COLORADO RIVER BEHAVIORAL HEAL,Peds PCP,PCP,No Application,No Application
COLORADO RIVER PEDIATRICS LLC,Adult BH,BH,No Application,No Application
COLORADO RIVER PEDIATRICS LLC,Adult PCP,PCP,No Application,No Application
COLORADO RIVER PEDIATRICS LLC,Justice,Justice,No Application,No Application
COLORADO RIVER PEDIATRICS LLC,Peds BH,BH,No Application,No Application
COLORADO RIVER PEDIATRICS LLC,Peds PCP,PCP,Rejected,Rejected
COMMUNITY 43,Adult BH,BH,Eligible,Eligible
COMMUNITY 43,Adult PCP,PCP,No Application,No Application
COMMUNITY 43,Justice,Justice,No Application,No Application
COMMUNITY 43,Peds BH,BH,No Application,No Application
COMMUNITY 43,Peds PCP,PCP,No Application,No Application
COMMUNITY BRIDGES INC,Adult BH,BH,Eligible,Eligible
COMMUNITY BRIDGES INC,Adult PCP,PCP,Eligible,Eligible
COMMUNITY BRIDGES INC,Justice,Justice,Eligible,Eligible
COMMUNITY BRIDGES INC,Peds BH,BH,Eligible,Eligible
COMMUNITY BRIDGES INC,Peds PCP,PCP,Eligible,Eligible
COMMUNITY INTERVENTION ASSOC,Adult BH,BH,Eligible,Eligible
COMMUNITY INTERVENTION ASSOC,Adult PCP,PCP,Eligible,Eligible
COMMUNITY INTERVENTION ASSOC,Justice,Justice,Eligible,Eligible
COMMUNITY INTERVENTION ASSOC,Peds BH,BH,No Application,No Application
COMMUNITY INTERVENTION ASSOC,Peds PCP,PCP,No Application,No Application
COMMUNITY PARTNERS INTER,Adult BH,BH,Eligible,Eligible
COMMUNITY PARTNERS INTER,Adult PCP,PCP,Eligible,Eligible
COMMUNITY PARTNERS INTER,Justice,Justice,Eligible,Eligible
COMMUNITY PARTNERS INTER,Peds BH,BH,Eligible,Eligible
COMMUNITY PARTNERS INTER,Peds PCP,PCP,Eligible,Eligible
COMPASS RECOVERY CENTER LLC,Adult BH,BH,Eligible,Eligible
COMPASS RECOVERY CENTER LLC,Adult PCP,PCP,No Application,No Application
COMPASS RECOVERY CENTER LLC,Justice,Justice,No Application,No Application
COMPASS RECOVERY CENTER LLC,Peds BH,BH,No Application,No Application
COMPASS RECOVERY CENTER LLC,Peds PCP,PCP,No Application,No Application
COOLIDGE PEDIATRICS,Adult BH,BH,No Application,No Application
COOLIDGE PEDIATRICS,Adult PCP,PCP,No Application,No Application
COOLIDGE PEDIATRICS,Justice,Justice,No Application,No Application
COOLIDGE PEDIATRICS,Peds BH,BH,No Application,No Application
COOLIDGE PEDIATRICS,Peds PCP,PCP,Eligible,Eligible
COPE COMMUNITY SERVICES INC,Adult BH,BH,Eligible,Eligible
COPE COMMUNITY SERVICES INC,Adult PCP,PCP,Eligible,Eligible
COPE COMMUNITY SERVICES INC,Justice,Justice,Eligible,Eligible
COPE COMMUNITY SERVICES INC,Peds BH,BH,Eligible,Eligible
COPE COMMUNITY SERVICES INC,Peds PCP,PCP,No Application,No Application
CORAZON INC,Adult BH,BH,Eligible,Withdrawn
CORAZON INC,Adult PCP,PCP,No Application,No Application
CORAZON INC,Justice,Justice,No Application,No Application
CORAZON INC,Peds BH,BH,Eligible,Withdrawn
CORAZON INC,Peds PCP,PCP,No Application,No Application
COUNTY OF YAVAPAI,Adult BH,BH,No Application,No Application
COUNTY OF YAVAPAI,Adult PCP,PCP,Rejected,Rejected
COUNTY OF YAVAPAI,Justice,Justice,No Application,No Application
COUNTY OF YAVAPAI,Peds BH,BH,No Application,No Application
COUNTY OF YAVAPAI,Peds PCP,PCP,Rejected,Rejected
CRISIS PREPARATION & RECOVERY,Adult BH,BH,Eligible,Eligible
CRISIS PREPARATION & RECOVERY,Adult PCP,PCP,No Application,No Application
CRISIS PREPARATION & RECOVERY,Justice,Justice,No Application,No Application
CRISIS PREPARATION & RECOVERY,Peds BH,BH,No Application,No Application
CRISIS PREPARATION & RECOVERY,Peds PCP,PCP,No Application,No Application
CROSSROADS INC,Adult BH,BH,Eligible,Eligible
CROSSROADS INC,Adult PCP,PCP,No Application,No Application
CROSSROADS INC,Justice,Justice,No Application,No Application
CROSSROADS INC,Peds BH,BH,No Application,No Application
CROSSROADS INC,Peds PCP,PCP,No Application,No Application
DENOVA COLLABORATIVE HEALTH LL,Adult BH,BH,Eligible,Eligible
DENOVA COLLABORATIVE HEALTH LL,Adult PCP,PCP,Eligible,Eligible
DENOVA COLLABORATIVE HEALTH LL,Justice,Justice,No Application,No Application
DENOVA COLLABORATIVE HEALTH LL,Peds BH,BH,Eligible,Eligible
DENOVA COLLABORATIVE HEALTH LL,Peds PCP,PCP,Eligible,Eligible
DESERT HAVEN ADULT CARE HOME,Adult BH,BH,No Application,No Application
DESERT HAVEN ADULT CARE HOME,Adult PCP,PCP,Rejected,Rejected
DESERT HAVEN ADULT CARE HOME,Justice,Justice,No Application,No Application
DESERT HAVEN ADULT CARE HOME,Peds BH,BH,No Application,No Application
DESERT HAVEN ADULT CARE HOME,Peds PCP,PCP,No Application,No Application
DESERT SHORES PEDIATRICS PC,Adult BH,BH,No Application,No Application
DESERT SHORES PEDIATRICS PC,Adult PCP,PCP,No Application,No Application
DESERT SHORES PEDIATRICS PC,Justice,Justice,No Application,No Application
DESERT SHORES PEDIATRICS PC,Peds BH,BH,No Application,No Application
DESERT SHORES PEDIATRICS PC,Peds PCP,PCP,Eligible,Eligible
DESERT VALLEY PEDIATRICS,Adult BH,BH,No Application,No Application
DESERT VALLEY PEDIATRICS,Adult PCP,PCP,No Application,No Application
DESERT VALLEY PEDIATRICS,Justice,Justice,No Application,No Application
DESERT VALLEY PEDIATRICS,Peds BH,BH,No Application,No Application
DESERT VALLEY PEDIATRICS,Peds PCP,PCP,Eligible,Eligible
DEVEREUX FOUNDATION,Adult BH,BH,No Application,No Application
DEVEREUX FOUNDATION,Adult PCP,PCP,No Application,No Application
DEVEREUX FOUNDATION,Justice,Justice,No Application,No Application
DEVEREUX FOUNDATION,Peds BH,BH,Eligible,Eligible
DEVEREUX FOUNDATION,Peds PCP,PCP,No Application,No Application
DISTRICT MEDICAL GROUP INC,Adult BH,BH,No Application,No Application
DISTRICT MEDICAL GROUP INC,Adult PCP,PCP,No Application,No Application
DISTRICT MEDICAL GROUP INC,Justice,Justice,No Application,No Application
DISTRICT MEDICAL GROUP INC,Peds BH,BH,Eligible,Eligible
DISTRICT MEDICAL GROUP INC,Peds PCP,PCP,Eligible,Eligible
DOUG MAREADY MD PLLC,Adult BH,BH,No Application,No Application
DOUG MAREADY MD PLLC,Adult PCP,PCP,Withdrawn,Withdrawn
DOUG MAREADY MD PLLC,Justice,Justice,No Application,No Application
DOUG MAREADY MD PLLC,Peds BH,BH,No Application,No Application
DOUG MAREADY MD PLLC,Peds PCP,PCP,No Application,No Application
EASTER SEALS BLAKE FOUNDATION,Adult BH,BH,Eligible,Eligible
EASTER SEALS BLAKE FOUNDATION,Adult PCP,PCP,Eligible,Eligible
EASTER SEALS BLAKE FOUNDATION,Justice,Justice,No Application,No Application
EASTER SEALS BLAKE FOUNDATION,Peds BH,BH,Eligible,Eligible
EASTER SEALS BLAKE FOUNDATION,Peds PCP,PCP,Eligible,Eligible
EBONY HOUSE INC,Adult BH,BH,Eligible,Eligible
EBONY HOUSE INC,Adult PCP,PCP,No Application,No Application
EBONY HOUSE INC,Justice,Justice,No Application,No Application
EBONY HOUSE INC,Peds BH,BH,No Application,No Application
EBONY HOUSE INC,Peds PCP,PCP,No Application,No Application
EMPACT-SPC INC,Adult BH,BH,Eligible,Eligible
EMPACT-SPC INC,Adult PCP,PCP,Eligible,Eligible
EMPACT-SPC INC,Justice,Justice,No Application,No Application
EMPACT-SPC INC,Peds BH,BH,Eligible,Eligible
EMPACT-SPC INC,Peds PCP,PCP,No Application,No Application
ESPANGELIA PROPERTIES LLC,Adult BH,BH,No Application,No Application
ESPANGELIA PROPERTIES LLC,Adult PCP,PCP,Rejected,Rejected
ESPANGELIA PROPERTIES LLC,Justice,Justice,No Application,No Application
ESPANGELIA PROPERTIES LLC,Peds BH,BH,No Application,No Application
ESPANGELIA PROPERTIES LLC,Peds PCP,PCP,Rejected,Rejected
FAMILY SERVICE AGENCY,Adult BH,BH,Eligible,Eligible
FAMILY SERVICE AGENCY,Adult PCP,PCP,No Application,No Application
FAMILY SERVICE AGENCY,Justice,Justice,No Application,No Application
FAMILY SERVICE AGENCY,Peds BH,BH,Eligible,Eligible
FAMILY SERVICE AGENCY,Peds PCP,PCP,No Application,No Application
Family Services Agency,Adult BH,BH,No Application,No Application
Family Services Agency,Adult PCP,PCP,No Application,No Application
Family Services Agency,Justice,Justice,No Application,No Application
Family Services Agency,Peds BH,BH,No Application,No Application
Family Services Agency,Peds PCP,PCP,No Application,No Application
FELIZ CARE CENTERS PLLC,Adult BH,BH,No Application,No Application
FELIZ CARE CENTERS PLLC,Adult PCP,PCP,Eligible,Eligible
FELIZ CARE CENTERS PLLC,Justice,Justice,No Application,No Application
FELIZ CARE CENTERS PLLC,Peds BH,BH,No Application,No Application
FELIZ CARE CENTERS PLLC,Peds PCP,PCP,No Application,No Application
FORTYTHIRD MEDICAL ASSOCIATES,Adult BH,BH,Rejected,Rejected
FORTYTHIRD MEDICAL ASSOCIATES,Adult PCP,PCP,Rejected,Rejected
FORTYTHIRD MEDICAL ASSOCIATES,Justice,Justice,Rejected,Rejected
FORTYTHIRD MEDICAL ASSOCIATES,Peds BH,BH,Rejected,Rejected
FORTYTHIRD MEDICAL ASSOCIATES,Peds PCP,PCP,Rejected,Rejected
GILA INTERNAL MEDICINE,Adult BH,BH,No Application,No Application
GILA INTERNAL MEDICINE,Adult PCP,PCP,Eligible,Eligible
GILA INTERNAL MEDICINE,Justice,Justice,No Application,No Application
GILA INTERNAL MEDICINE,Peds BH,BH,No Application,No Application
GILA INTERNAL MEDICINE,Peds PCP,PCP,No Application,No Application
GLENDALE PEDIATRICS LLC,Adult BH,BH,No Application,No Application
GLENDALE PEDIATRICS LLC,Adult PCP,PCP,Eligible,Eligible
GLENDALE PEDIATRICS LLC,Justice,Justice,No Application,No Application
GLENDALE PEDIATRICS LLC,Peds BH,BH,No Application,No Application
GLENDALE PEDIATRICS LLC,Peds PCP,PCP,Eligible,Eligible
GOLDEN HEALTH INITIATIVE INC,Adult BH,BH,Rejected,Rejected
GOLDEN HEALTH INITIATIVE INC,Adult PCP,PCP,Rejected,Rejected
GOLDEN HEALTH INITIATIVE INC,Justice,Justice,Rejected,Rejected
GOLDEN HEALTH INITIATIVE INC,Peds BH,BH,Rejected,Rejected
GOLDEN HEALTH INITIATIVE INC,Peds PCP,PCP,Rejected,Rejected
GOOD HEALTH MEDICAL,Adult BH,BH,No Application,No Application
GOOD HEALTH MEDICAL,Adult PCP,PCP,Eligible,Eligible
GOOD HEALTH MEDICAL,Justice,Justice,No Application,No Application
GOOD HEALTH MEDICAL,Peds BH,BH,No Application,No Application
GOOD HEALTH MEDICAL,Peds PCP,PCP,No Application,No Application
GUIDING TOUCH BEHAVIORAL HEALT,Adult BH,BH,Rejected,Rejected
GUIDING TOUCH BEHAVIORAL HEALT,Adult PCP,PCP,No Application,No Application
GUIDING TOUCH BEHAVIORAL HEALT,Justice,Justice,No Application,No Application
GUIDING TOUCH BEHAVIORAL HEALT,Peds BH,BH,No Application,No Application
GUIDING TOUCH BEHAVIORAL HEALT,Peds PCP,PCP,No Application,No Application
HEALING HEARTS PEDIATRIC PLC,Adult BH,BH,No Application,No Application
HEALING HEARTS PEDIATRIC PLC,Adult PCP,PCP,No Application,No Application
HEALING HEARTS PEDIATRIC PLC,Justice,Justice,No Application,No Application
HEALING HEARTS PEDIATRIC PLC,Peds BH,BH,No Application,No Application
HEALING HEARTS PEDIATRIC PLC,Peds PCP,PCP,Eligible,Eligible
HEALTHY LIFE CORPORATION,Adult BH,BH,No Application,No Application
HEALTHY LIFE CORPORATION,Adult PCP,PCP,Rejected,Rejected
HEALTHY LIFE CORPORATION,Justice,Justice,No Application,No Application
HEALTHY LIFE CORPORATION,Peds BH,BH,No Application,No Application
HEALTHY LIFE CORPORATION,Peds PCP,PCP,Rejected,Rejected
HEALTHYU FAMILY MEDICINE LLC,Adult BH,BH,No Application,No Application
HEALTHYU FAMILY MEDICINE LLC,Adult PCP,PCP,Eligible,Eligible
HEALTHYU FAMILY MEDICINE LLC,Justice,Justice,No Application,No Application
HEALTHYU FAMILY MEDICINE LLC,Peds BH,BH,No Application,No Application
HEALTHYU FAMILY MEDICINE LLC,Peds PCP,PCP,Eligible,Eligible
HERITAGE TECHNOLOGIES LLC,Adult BH,BH,No Application,No Application
HERITAGE TECHNOLOGIES LLC,Adult PCP,PCP,Eligible,Eligible
HERITAGE TECHNOLOGIES LLC,Justice,Justice,No Application,No Application
HERITAGE TECHNOLOGIES LLC,Peds BH,BH,No Application,No Application
HERITAGE TECHNOLOGIES LLC,Peds PCP,PCP,No Application,No Application
HOLON HEALTH GREAT LAKES PC,Adult BH,BH,No Application,No Application
HOLON HEALTH GREAT LAKES PC,Adult PCP,PCP,Eligible,Eligible
HOLON HEALTH GREAT LAKES PC,Justice,Justice,No Application,No Application
HOLON HEALTH GREAT LAKES PC,Peds BH,BH,No Application,No Application
HOLON HEALTH GREAT LAKES PC,Peds PCP,PCP,Eligible,Eligible
HONORHEALTH MEDICAL GROUP LLC,Adult BH,BH,No Application,No Application
HONORHEALTH MEDICAL GROUP LLC,Adult PCP,PCP,Eligible,Eligible
HONORHEALTH MEDICAL GROUP LLC,Justice,Justice,No Application,No Application
HONORHEALTH MEDICAL GROUP LLC,Peds BH,BH,No Application,No Application
HONORHEALTH MEDICAL GROUP LLC,Peds PCP,PCP,No Application,No Application
HORIZON HEALTH & WELLNESS INC,Adult BH,BH,Eligible,Eligible
HORIZON HEALTH & WELLNESS INC,Adult PCP,PCP,No Application,No Application
HORIZON HEALTH & WELLNESS INC,Justice,Justice,No Application,No Application
HORIZON HEALTH & WELLNESS INC,Peds BH,BH,Eligible,Eligible
HORIZON HEALTH & WELLNESS INC,Peds PCP,PCP,Eligible,Eligible
HUMAN RESOURCES TRAINING INC,Adult BH,BH,Eligible,Eligible
HUMAN RESOURCES TRAINING INC,Adult PCP,PCP,No Application,No Application
HUMAN RESOURCES TRAINING INC,Justice,Justice,No Application,No Application
HUMAN RESOURCES TRAINING INC,Peds BH,BH,Eligible,Eligible
HUMAN RESOURCES TRAINING INC,Peds PCP,PCP,No Application,No Application
INTEGRATED MEDICAL SERVICES IN,Adult BH,BH,No Application,No Application
INTEGRATED MEDICAL SERVICES IN,Adult PCP,PCP,Eligible,Eligible
INTEGRATED MEDICAL SERVICES IN,Justice,Justice,No Application,No Application
INTEGRATED MEDICAL SERVICES IN,Peds BH,BH,No Application,No Application
INTEGRATED MEDICAL SERVICES IN,Peds PCP,PCP,No Application,No Application
INTERMOUNTAIN CNT FOR HUM,Adult BH,BH,Eligible,Eligible
INTERMOUNTAIN CNT FOR HUM,Adult PCP,PCP,No Application,No Application
INTERMOUNTAIN CNT FOR HUM,Justice,Justice,No Application,No Application
INTERMOUNTAIN CNT FOR HUM,Peds BH,BH,Eligible,Eligible
INTERMOUNTAIN CNT FOR HUM,Peds PCP,PCP,No Application,No Application
INTERMOUNTAIN HEALTH CENTER,Adult BH,BH,Eligible,Eligible
INTERMOUNTAIN HEALTH CENTER,Adult PCP,PCP,No Application,No Application
INTERMOUNTAIN HEALTH CENTER,Justice,Justice,No Application,No Application
INTERMOUNTAIN HEALTH CENTER,Peds BH,BH,Eligible,Eligible
INTERMOUNTAIN HEALTH CENTER,Peds PCP,PCP,No Application,No Application
ITS POSSIBLE COMMUNITY SERVICE,Adult BH,BH,Rejected,Rejected
ITS POSSIBLE COMMUNITY SERVICE,Adult PCP,PCP,No Application,No Application
ITS POSSIBLE COMMUNITY SERVICE,Justice,Justice,No Application,No Application
ITS POSSIBLE COMMUNITY SERVICE,Peds BH,BH,No Application,No Application
ITS POSSIBLE COMMUNITY SERVICE,Peds PCP,PCP,No Application,No Application
JADE HEALTH AND WELLNESS,Adult BH,BH,Rejected,Rejected
JADE HEALTH AND WELLNESS,Adult PCP,PCP,No Application,No Application
JADE HEALTH AND WELLNESS,Justice,Justice,Rejected,Rejected
JADE HEALTH AND WELLNESS,Peds BH,BH,Rejected,Rejected
JADE HEALTH AND WELLNESS,Peds PCP,PCP,No Application,No Application
JEWISH FAMILY & CHILDRENS SERV,Adult BH,BH,Eligible,Eligible
JEWISH FAMILY & CHILDRENS SERV,Adult PCP,PCP,No Application,No Application
JEWISH FAMILY & CHILDRENS SERV,Justice,Justice,No Application,No Application
JEWISH FAMILY & CHILDRENS SERV,Peds BH,BH,Eligible,Eligible
JEWISH FAMILY & CHILDRENS SERV,Peds PCP,PCP,No Application,No Application
JOSE FRANCISCO CARRAZCO MD,Adult BH,BH,No Application,No Application
JOSE FRANCISCO CARRAZCO MD,Adult PCP,PCP,No Application,No Application
JOSE FRANCISCO CARRAZCO MD,Justice,Justice,No Application,No Application
JOSE FRANCISCO CARRAZCO MD,Peds BH,BH,No Application,No Application
JOSE FRANCISCO CARRAZCO MD,Peds PCP,PCP,Eligible,Eligible
JOYD CARE LLC,Adult BH,BH,No Application,No Application
JOYD CARE LLC,Adult PCP,PCP,No Application,No Application
JOYD CARE LLC,Justice,Justice,Rejected,Rejected
JOYD CARE LLC,Peds BH,BH,No Application,No Application
JOYD CARE LLC,Peds PCP,PCP,No Application,No Application
KIDS AND FAMILY KARE LLC,Adult BH,BH,No Application,No Application
KIDS AND FAMILY KARE LLC,Adult PCP,PCP,Eligible,Eligible
KIDS AND FAMILY KARE LLC,Justice,Justice,No Application,No Application
KIDS AND FAMILY KARE LLC,Peds BH,BH,No Application,No Application
KIDS AND FAMILY KARE LLC,Peds PCP,PCP,Eligible,Eligible
KINGMAN HOSPITAL INC,Adult BH,BH,No Application,No Application
KINGMAN HOSPITAL INC,Adult PCP,PCP,Eligible,Eligible
KINGMAN HOSPITAL INC,Justice,Justice,No Application,No Application
KINGMAN HOSPITAL INC,Peds BH,BH,No Application,No Application
KINGMAN HOSPITAL INC,Peds PCP,PCP,No Application,No Application
KYRENE INTERNAL MEDICINE PLLC,Adult BH,BH,No Application,No Application
KYRENE INTERNAL MEDICINE PLLC,Adult PCP,PCP,Eligible,Eligible
KYRENE INTERNAL MEDICINE PLLC,Justice,Justice,No Application,No Application
KYRENE INTERNAL MEDICINE PLLC,Peds BH,BH,No Application,No Application
KYRENE INTERNAL MEDICINE PLLC,Peds PCP,PCP,No Application,No Application
LA FRONTERA CENTER INC,Adult BH,BH,Eligible,Eligible
LA FRONTERA CENTER INC,Adult PCP,PCP,Eligible,Eligible
LA FRONTERA CENTER INC,Justice,Justice,No Application,No Application
LA FRONTERA CENTER INC,Peds BH,BH,Eligible,Eligible
LA FRONTERA CENTER INC,Peds PCP,PCP,No Application,No Application
LIFELINE PROFESSIONAL COUNSELI,Adult BH,BH,Eligible,Eligible
LIFELINE PROFESSIONAL COUNSELI,Adult PCP,PCP,No Application,No Application
LIFELINE PROFESSIONAL COUNSELI,Justice,Justice,No Application,No Application
LIFELINE PROFESSIONAL COUNSELI,Peds BH,BH,Eligible,Eligible
LIFELINE PROFESSIONAL COUNSELI,Peds PCP,PCP,No Application,No Application
LIFEWELL,Adult BH,BH,Eligible,Eligible
LIFEWELL,Adult PCP,PCP,Eligible,Eligible
LIFEWELL,Justice,Justice,No Application,No Application
LIFEWELL,Peds BH,BH,No Application,No Application
LIFEWELL,Peds PCP,PCP,No Application,No Application
Little Colorado (CBI),Adult BH,BH,Eligible,Eligible
Little Colorado (CBI),Adult PCP,PCP,No Application,No Application
Little Colorado (CBI),Justice,Justice,No Application,No Application
Little Colorado (CBI),Peds BH,BH,Eligible,Eligible
Little Colorado (CBI),Peds PCP,PCP,No Application,No Application
LOTUS BEHAVIORAL HEALTH SERVIC,Adult BH,BH,Eligible,Eligible
LOTUS BEHAVIORAL HEALTH SERVIC,Adult PCP,PCP,No Application,No Application
LOTUS BEHAVIORAL HEALTH SERVIC,Justice,Justice,No Application,No Application
LOTUS BEHAVIORAL HEALTH SERVIC,Peds BH,BH,Eligible,Eligible
LOTUS BEHAVIORAL HEALTH SERVIC,Peds PCP,PCP,No Application,No Application
LUCAS S CANTON MD,Adult BH,BH,No Application,No Application
LUCAS S CANTON MD,Adult PCP,PCP,No Application,No Application
LUCAS S CANTON MD,Justice,Justice,No Application,No Application
LUCAS S CANTON MD,Peds BH,BH,No Application,No Application
LUCAS S CANTON MD,Peds PCP,PCP,Eligible,Eligible
LUIS LOPEZ,Adult BH,BH,No Application,No Application
LUIS LOPEZ,Adult PCP,PCP,Eligible,Eligible
LUIS LOPEZ,Justice,Justice,No Application,No Application
LUIS LOPEZ,Peds BH,BH,No Application,No Application
LUIS LOPEZ,Peds PCP,PCP,No Application,No Application
MARC COMMUNITY RESOURCES INC,Adult BH,BH,Eligible,Eligible
MARC COMMUNITY RESOURCES INC,Adult PCP,PCP,No Application,No Application
MARC COMMUNITY RESOURCES INC,Justice,Justice,No Application,No Application
MARC COMMUNITY RESOURCES INC,Peds BH,BH,No Application,No Application
MARC COMMUNITY RESOURCES INC,Peds PCP,PCP,No Application,No Application
MARICOPA COUNTY SPECIAL HEALTH,Adult BH,BH,Eligible,Eligible
MARICOPA COUNTY SPECIAL HEALTH,Adult PCP,PCP,Eligible,Eligible
MARICOPA COUNTY SPECIAL HEALTH,Justice,Justice,Eligible,Eligible
MARICOPA COUNTY SPECIAL HEALTH,Peds BH,BH,Eligible,Eligible
MARICOPA COUNTY SPECIAL HEALTH,Peds PCP,PCP,Eligible,Eligible
MARIPOSA CHC,Adult BH,BH,No Application,No Application
MARIPOSA CHC,Adult PCP,PCP,No Application,No Application
MARIPOSA CHC,Justice,Justice,Eligible,Eligible
MARIPOSA CHC,Peds BH,BH,No Application,No Application
MARIPOSA CHC,Peds PCP,PCP,No Application,No Application
MARYVALE PEDIATRIC CLINIC,Adult BH,BH,No Application,No Application
MARYVALE PEDIATRIC CLINIC,Adult PCP,PCP,No Application,No Application
MARYVALE PEDIATRIC CLINIC,Justice,Justice,No Application,No Application
MARYVALE PEDIATRIC CLINIC,Peds BH,BH,No Application,No Application
MARYVALE PEDIATRIC CLINIC,Peds PCP,PCP,Rejected,Rejected
MD HOMECARE LLC,Adult BH,BH,Rejected,Rejected
MD HOMECARE LLC,Adult PCP,PCP,Rejected,Rejected
MD HOMECARE LLC,Justice,Justice,No Application,No Application
MD HOMECARE LLC,Peds BH,BH,No Application,No Application
MD HOMECARE LLC,Peds PCP,PCP,No Application,No Application
MERCY GRACE PRIVATE PRACTICE,Adult BH,BH,No Application,No Application
MERCY GRACE PRIVATE PRACTICE,Adult PCP,PCP,Eligible,Eligible
MERCY GRACE PRIVATE PRACTICE,Justice,Justice,No Application,No Application
MERCY GRACE PRIVATE PRACTICE,Peds BH,BH,No Application,No Application
MERCY GRACE PRIVATE PRACTICE,Peds PCP,PCP,Eligible,Eligible
MIKID MENTALLY ILL KIDS IN DIS,Adult BH,BH,No Application,No Application
MIKID MENTALLY ILL KIDS IN DIS,Adult PCP,PCP,No Application,No Application
MIKID MENTALLY ILL KIDS IN DIS,Justice,Justice,No Application,No Application
MIKID MENTALLY ILL KIDS IN DIS,Peds BH,BH,Eligible,Eligible
MIKID MENTALLY ILL KIDS IN DIS,Peds PCP,PCP,No Application,No Application
MIND 247 PRACTICE LLC,Adult BH,BH,Eligible,Eligible
MIND 247 PRACTICE LLC,Adult PCP,PCP,No Application,No Application
MIND 247 PRACTICE LLC,Justice,Justice,No Application,No Application
MIND 247 PRACTICE LLC,Peds BH,BH,Eligible,Eligible
MIND 247 PRACTICE LLC,Peds PCP,PCP,No Application,No Application
MOMDOC LLC,Adult BH,BH,No Application,No Application
MOMDOC LLC,Adult PCP,PCP,Eligible,Eligible
MOMDOC LLC,Justice,Justice,No Application,No Application
MOMDOC LLC,Peds BH,BH,No Application,No Application
MOMDOC LLC,Peds PCP,PCP,No Application,No Application
MOUNTAIN VIEW PEDIATRICS PC,Adult BH,BH,No Application,No Application
MOUNTAIN VIEW PEDIATRICS PC,Adult PCP,PCP,No Application,No Application
MOUNTAIN VIEW PEDIATRICS PC,Justice,Justice,No Application,No Application
MOUNTAIN VIEW PEDIATRICS PC,Peds BH,BH,No Application,Eligible
MOUNTAIN VIEW PEDIATRICS PC,Peds PCP,PCP,Eligible,Eligible
MS PHYSICIANS GROUP PC,Adult BH,BH,No Application,No Application
MS PHYSICIANS GROUP PC,Adult PCP,PCP,Rejected,Rejected
MS PHYSICIANS GROUP PC,Justice,Justice,No Application,No Application
MS PHYSICIANS GROUP PC,Peds BH,BH,No Application,No Application
MS PHYSICIANS GROUP PC,Peds PCP,PCP,No Application,No Application
MY BEHAVIORAL HEALTH TREATMENT,Adult BH,BH,Rejected,Rejected
MY BEHAVIORAL HEALTH TREATMENT,Adult PCP,PCP,No Application,No Application
MY BEHAVIORAL HEALTH TREATMENT,Justice,Justice,No Application,No Application
MY BEHAVIORAL HEALTH TREATMENT,Peds BH,BH,No Application,No Application
MY BEHAVIORAL HEALTH TREATMENT,Peds PCP,PCP,No Application,No Application
NATIONAL COUNCIL ON ALCOHOLISM,Adult BH,BH,Eligible,Eligible
NATIONAL COUNCIL ON ALCOHOLISM,Adult PCP,PCP,No Application,No Application
NATIONAL COUNCIL ON ALCOHOLISM,Justice,Justice,No Application,No Application
NATIONAL COUNCIL ON ALCOHOLISM,Peds BH,BH,No Application,No Application
NATIONAL COUNCIL ON ALCOHOLISM,Peds PCP,PCP,No Application,No Application
NATIVE AMERICAN CONNECTIONS,Adult BH,BH,Eligible,Eligible
NATIVE AMERICAN CONNECTIONS,Adult PCP,PCP,Eligible,Eligible
NATIVE AMERICAN CONNECTIONS,Justice,Justice,No Application,No Application
NATIVE AMERICAN CONNECTIONS,Peds BH,BH,No Application,No Application
NATIVE AMERICAN CONNECTIONS,Peds PCP,PCP,No Application,No Application
NEIGHBORHOOD OUTREACH ACCESS T,Adult BH,BH,No Application,No Application
NEIGHBORHOOD OUTREACH ACCESS T,Adult PCP,PCP,No Application,No Application
NEIGHBORHOOD OUTREACH ACCESS T,Justice,Justice,Eligible,Eligible
NEIGHBORHOOD OUTREACH ACCESS T,Peds BH,BH,No Application,No Application
NEIGHBORHOOD OUTREACH ACCESS T,Peds PCP,PCP,No Application,No Application
NEW FREEDOM OPS LLC,Adult BH,BH,Rejected,Rejected
NEW FREEDOM OPS LLC,Adult PCP,PCP,No Application,No Application
NEW FREEDOM OPS LLC,Justice,Justice,Rejected,Rejected
NEW FREEDOM OPS LLC,Peds BH,BH,No Application,No Application
NEW FREEDOM OPS LLC,Peds PCP,PCP,No Application,No Application
NEW HORIZON YOUTH HOMES,Adult BH,BH,No Application,No Application
NEW HORIZON YOUTH HOMES,Adult PCP,PCP,No Application,No Application
NEW HORIZON YOUTH HOMES,Justice,Justice,No Application,No Application
NEW HORIZON YOUTH HOMES,Peds BH,BH,Eligible,Eligible
NEW HORIZON YOUTH HOMES,Peds PCP,PCP,No Application,No Application
NICHOLAS BUJAK MD PLLC,Adult BH,BH,No Application,No Application
NICHOLAS BUJAK MD PLLC,Adult PCP,PCP,Eligible,Eligible
NICHOLAS BUJAK MD PLLC,Justice,Justice,No Application,No Application
NICHOLAS BUJAK MD PLLC,Peds BH,BH,No Application,No Application
NICHOLAS BUJAK MD PLLC,Peds PCP,PCP,No Application,No Application
Nomi Health,Adult BH,BH,No Application,Eligible
Nomi Health,Adult PCP,PCP,Withdrawn,Withdrawn
Nomi Health,Justice,Justice,No Application,Eligible
Nomi Health,Peds BH,BH,No Application,No Application
Nomi Health,Peds PCP,PCP,No Application,No Application
NORTHERN ARIZONA HEALTHCARE,Adult BH,BH,Eligible,Eligible
NORTHERN ARIZONA HEALTHCARE,Adult PCP,PCP,Eligible,Eligible
NORTHERN ARIZONA HEALTHCARE,Justice,Justice,No Application,No Application
NORTHERN ARIZONA HEALTHCARE,Peds BH,BH,Eligible,Eligible
NORTHERN ARIZONA HEALTHCARE,Peds PCP,PCP,Eligible,Eligible
NORTHSIGHT RECOVERY LLC,Adult BH,BH,No Application,No Application
NORTHSIGHT RECOVERY LLC,Adult PCP,PCP,No Application,No Application
NORTHSIGHT RECOVERY LLC,Justice,Justice,Eligible,Eligible
NORTHSIGHT RECOVERY LLC,Peds BH,BH,No Application,No Application
NORTHSIGHT RECOVERY LLC,Peds PCP,PCP,No Application,No Application
NOVIS VITA,Adult BH,BH,Withdrawn,Withdrawn
NOVIS VITA,Adult PCP,PCP,No Application,No Application
NOVIS VITA,Justice,Justice,No Application,No Application
NOVIS VITA,Peds BH,BH,No Application,No Application
NOVIS VITA,Peds PCP,PCP,No Application,No Application
ONYX BEHAVIORAL HEALTH SOLUTIO,Adult BH,BH,Rejected,Rejected
ONYX BEHAVIORAL HEALTH SOLUTIO,Adult PCP,PCP,No Application,No Application
ONYX BEHAVIORAL HEALTH SOLUTIO,Justice,Justice,No Application,No Application
ONYX BEHAVIORAL HEALTH SOLUTIO,Peds BH,BH,No Application,No Application
ONYX BEHAVIORAL HEALTH SOLUTIO,Peds PCP,PCP,No Application,No Application
OPEN HEARTS,Adult BH,BH,No Application,No Application
OPEN HEARTS,Adult PCP,PCP,No Application,No Application
OPEN HEARTS,Justice,Justice,No Application,No Application
OPEN HEARTS,Peds BH,BH,Eligible,Eligible
OPEN HEARTS,Peds PCP,PCP,No Application,No Application
PAPA BEAR PEDIATRICS LLC,Adult BH,BH,No Application,No Application
PAPA BEAR PEDIATRICS LLC,Adult PCP,PCP,No Application,No Application
PAPA BEAR PEDIATRICS LLC,Justice,Justice,No Application,No Application
PAPA BEAR PEDIATRICS LLC,Peds BH,BH,No Application,No Application
PAPA BEAR PEDIATRICS LLC,Peds PCP,PCP,Eligible,Eligible
Paper Cranes Healthcare LLC,Adult BH,BH,No Application,No Application
Paper Cranes Healthcare LLC,Adult PCP,PCP,Eligible,Eligible
Paper Cranes Healthcare LLC,Justice,Justice,No Application,No Application
Paper Cranes Healthcare LLC,Peds BH,BH,No Application,No Application
Paper Cranes Healthcare LLC,Peds PCP,PCP,Eligible,Eligible
Paramount Recovery Center LLC dba The PAC Program Tempe,Adult BH,BH,Rejected,Rejected
Paramount Recovery Center LLC dba The PAC Program Tempe,Adult PCP,PCP,No Application,No Application
Paramount Recovery Center LLC dba The PAC Program Tempe,Justice,Justice,No Application,No Application
Paramount Recovery Center LLC dba The PAC Program Tempe,Peds BH,BH,No Application,No Application
Paramount Recovery Center LLC dba The PAC Program Tempe,Peds PCP,PCP,No Application,No Application
PARTNERS IN RECOVERY LLC,Adult BH,BH,Eligible,Eligible
PARTNERS IN RECOVERY LLC,Adult PCP,PCP,Eligible,Eligible
PARTNERS IN RECOVERY LLC,Justice,Justice,No Application,No Application
PARTNERS IN RECOVERY LLC,Peds BH,BH,No Application,No Application
PARTNERS IN RECOVERY LLC,Peds PCP,PCP,No Application,No Application
PATHWAYS OF ARIZONA INC,Adult BH,BH,Eligible,Eligible
PATHWAYS OF ARIZONA INC,Adult PCP,PCP,No Application,No Application
PATHWAYS OF ARIZONA INC,Justice,Justice,No Application,No Application
PATHWAYS OF ARIZONA INC,Peds BH,BH,Eligible,Eligible
PATHWAYS OF ARIZONA INC,Peds PCP,PCP,No Application,No Application
PEDIATRICS GPS INC,Adult BH,BH,No Application,No Application
PEDIATRICS GPS INC,Adult PCP,PCP,No Application,No Application
PEDIATRICS GPS INC,Justice,Justice,No Application,No Application
PEDIATRICS GPS INC,Peds BH,BH,No Application,No Application
PEDIATRICS GPS INC,Peds PCP,PCP,Eligible,Eligible
PHOENICIAN MEDICAL CENTER INC,Adult BH,BH,No Application,No Application
PHOENICIAN MEDICAL CENTER INC,Adult PCP,PCP,Eligible,Eligible
PHOENICIAN MEDICAL CENTER INC,Justice,Justice,No Application,No Application
PHOENICIAN MEDICAL CENTER INC,Peds BH,BH,No Application,No Application
PHOENICIAN MEDICAL CENTER INC,Peds PCP,PCP,No Application,No Application
PHOENIX CHILDRENS HOSP.,Adult BH,BH,No Application,No Application
PHOENIX CHILDRENS HOSP.,Adult BH,BH,No Application,No Application
PHOENIX CHILDRENS HOSP.,Adult PCP,PCP,No Application,No Application
PHOENIX CHILDRENS HOSP.,Adult PCP,PCP,No Application,No Application
PHOENIX CHILDRENS HOSP.,Justice,Justice,No Application,No Application
PHOENIX CHILDRENS HOSP.,Justice,Justice,No Application,No Application
PHOENIX CHILDRENS HOSP.,Peds BH,BH,No Application,No Application
PHOENIX CHILDRENS HOSP.,Peds BH,BH,No Application,No Application
PHOENIX CHILDRENS HOSP.,Peds PCP,PCP,Eligible,Eligible
PHOENIX CHILDRENS HOSP.,Peds PCP,PCP,Rejected,Rejected
PHOENIX FAMILY MEDICAL CARE,Adult BH,BH,No Application,No Application
PHOENIX FAMILY MEDICAL CARE,Adult PCP,PCP,Eligible,Eligible
PHOENIX FAMILY MEDICAL CARE,Justice,Justice,No Application,No Application
PHOENIX FAMILY MEDICAL CARE,Peds BH,BH,No Application,No Application
PHOENIX FAMILY MEDICAL CARE,Peds PCP,PCP,No Application,No Application
PHOENIX NEUROLOGICAL INSTITUTE,Adult BH,BH,Rejected,Rejected
PHOENIX NEUROLOGICAL INSTITUTE,Adult PCP,PCP,No Application,No Application
PHOENIX NEUROLOGICAL INSTITUTE,Justice,Justice,No Application,No Application
PHOENIX NEUROLOGICAL INSTITUTE,Peds BH,BH,No Application,No Application
PHOENIX NEUROLOGICAL INSTITUTE,Peds PCP,PCP,No Application,No Application
PHOENIX PEDIATRICS LTD,Adult BH,BH,No Application,No Application
PHOENIX PEDIATRICS LTD,Adult PCP,PCP,No Application,No Application
PHOENIX PEDIATRICS LTD,Justice,Justice,No Application,No Application
PHOENIX PEDIATRICS LTD,Peds BH,BH,No Application,No Application
PHOENIX PEDIATRICS LTD,Peds PCP,PCP,Rejected,Rejected
PINAL HISPANIC COUNCIL,Adult BH,BH,Eligible,Eligible
PINAL HISPANIC COUNCIL,Adult PCP,PCP,Eligible,Eligible
PINAL HISPANIC COUNCIL,Justice,Justice,Eligible,Eligible
PINAL HISPANIC COUNCIL,Peds BH,BH,Eligible,Eligible
PINAL HISPANIC COUNCIL,Peds PCP,PCP,Eligible,Eligible
PINNACLE FAMILY MEDICINE PLC,Adult BH,BH,No Application,No Application
PINNACLE FAMILY MEDICINE PLC,Adult PCP,PCP,Eligible,Eligible
PINNACLE FAMILY MEDICINE PLC,Justice,Justice,No Application,No Application
PINNACLE FAMILY MEDICINE PLC,Peds BH,BH,No Application,No Application
PINNACLE FAMILY MEDICINE PLC,Peds PCP,PCP,No Application,No Application
PLEASANT PEDIATRICS PLC,Adult BH,BH,No Application,No Application
PLEASANT PEDIATRICS PLC,Adult PCP,PCP,No Application,No Application
PLEASANT PEDIATRICS PLC,Justice,Justice,No Application,No Application
PLEASANT PEDIATRICS PLC,Peds BH,BH,No Application,No Application
PLEASANT PEDIATRICS PLC,Peds PCP,PCP,Eligible,Eligible
PREMIER MEDICAL GROUP LLC,Adult BH,BH,No Application,No Application
PREMIER MEDICAL GROUP LLC,Adult PCP,PCP,Withdrawn,Withdrawn
PREMIER MEDICAL GROUP LLC,Justice,Justice,No Application,No Application
PREMIER MEDICAL GROUP LLC,Peds BH,BH,No Application,No Application
PREMIER MEDICAL GROUP LLC,Peds PCP,PCP,Withdrawn,Withdrawn
PRESCOTT HEALTHCARE SOLUTIONS,Adult BH,BH,No Application,No Application
PRESCOTT HEALTHCARE SOLUTIONS,Adult PCP,PCP,Eligible,Eligible
PRESCOTT HEALTHCARE SOLUTIONS,Justice,Justice,No Application,No Application
PRESCOTT HEALTHCARE SOLUTIONS,Peds BH,BH,No Application,No Application
PRESCOTT HEALTHCARE SOLUTIONS,Peds PCP,PCP,No Application,No Application
PSA BEHAVIORAL HEALTH AGENCY,Adult BH,BH,Eligible,Eligible
PSA BEHAVIORAL HEALTH AGENCY,Adult PCP,PCP,No Application,No Application
PSA BEHAVIORAL HEALTH AGENCY,Justice,Justice,No Application,No Application
PSA BEHAVIORAL HEALTH AGENCY,Peds BH,BH,Eligible,Eligible
PSA BEHAVIORAL HEALTH AGENCY,Peds PCP,PCP,No Application,No Application
RAGHAV LLC,Adult BH,BH,Withdrawn,Withdrawn
RAGHAV LLC,Adult PCP,PCP,Withdrawn,Withdrawn
RAGHAV LLC,Justice,Justice,No Application,No Application
RAGHAV LLC,Peds BH,BH,No Application,No Application
RAGHAV LLC,Peds PCP,PCP,No Application,No Application
RAJIV PARIKH MD PC,Adult BH,BH,No Application,No Application
RAJIV PARIKH MD PC,Adult PCP,PCP,Eligible,Eligible
RAJIV PARIKH MD PC,Justice,Justice,No Application,No Application
RAJIV PARIKH MD PC,Peds BH,BH,No Application,No Application
RAJIV PARIKH MD PC,Peds PCP,PCP,No Application,No Application
RECOVERY INNOVATIONS INC,Adult BH,BH,Eligible,Eligible
RECOVERY INNOVATIONS INC,Adult PCP,PCP,No Application,No Application
RECOVERY INNOVATIONS INC,Justice,Justice,No Application,No Application
RECOVERY INNOVATIONS INC,Peds BH,BH,No Application,No Application
RECOVERY INNOVATIONS INC,Peds PCP,PCP,No Application,No Application
RECOVIA LLC,Adult BH,BH,Eligible,Eligible
RECOVIA LLC,Adult PCP,PCP,No Application,No Application
RECOVIA LLC,Justice,Justice,No Application,No Application
RECOVIA LLC,Peds BH,BH,No Application,No Application
RECOVIA LLC,Peds PCP,PCP,No Application,No Application
RISE ORTHO & SPORTS,Adult BH,BH,No Application,No Application
RISE ORTHO & SPORTS,Adult PCP,PCP,Rejected,Rejected
RISE ORTHO & SPORTS,Justice,Justice,No Application,No Application
RISE ORTHO & SPORTS,Peds BH,BH,No Application,No Application
RISE ORTHO & SPORTS,Peds PCP,PCP,No Application,No Application
RODD AKING,Adult BH,BH,No Application,No Application
RODD AKING,Adult PCP,PCP,Eligible,Eligible
RODD AKING,Justice,Justice,No Application,No Application
RODD AKING,Peds BH,BH,No Application,No Application
RODD AKING,Peds PCP,PCP,No Application,No Application
Roya Health,Adult BH,BH,No Application,No Application
Roya Health,Adult PCP,PCP,No Application,No Application
Roya Health,Justice,Justice,No Application,No Application
Roya Health,Peds BH,BH,No Application,No Application
Roya Health,Peds PCP,PCP,No Application,No Application
SAGE COUNSELING,Adult BH,BH,Eligible,Eligible
SAGE COUNSELING,Adult PCP,PCP,No Application,No Application
SAGE COUNSELING,Justice,Justice,No Application,No Application
SAGE COUNSELING,Peds BH,BH,No Application,No Application
SAGE COUNSELING,Peds PCP,PCP,No Application,No Application
SAN LUIS WALK IN CLINIC INC,Adult BH,BH,No Application,No Application
SAN LUIS WALK IN CLINIC INC,Adult PCP,PCP,No Application,No Application
SAN LUIS WALK IN CLINIC INC,Justice,Justice,Eligible,Eligible
SAN LUIS WALK IN CLINIC INC,Peds BH,BH,No Application,No Application
SAN LUIS WALK IN CLINIC INC,Peds PCP,PCP,No Application,No Application
SANCTUARY SOBER LIVING LLC,Adult BH,BH,Eligible,Eligible
SANCTUARY SOBER LIVING LLC,Adult PCP,PCP,No Application,No Application
SANCTUARY SOBER LIVING LLC,Justice,Justice,Eligible,Eligible
SANCTUARY SOBER LIVING LLC,Peds BH,BH,No Application,No Application
SANCTUARY SOBER LIVING LLC,Peds PCP,PCP,No Application,No Application
SCOTTSDALE PEDIATRICS & PEDIAT,Adult BH,BH,No Application,No Application
SCOTTSDALE PEDIATRICS & PEDIAT,Adult PCP,PCP,No Application,No Application
SCOTTSDALE PEDIATRICS & PEDIAT,Justice,Justice,No Application,No Application
SCOTTSDALE PEDIATRICS & PEDIAT,Peds BH,BH,No Application,No Application
SCOTTSDALE PEDIATRICS & PEDIAT,Peds PCP,PCP,Eligible,Eligible
SCOTTSDALE RECOVERY II LLC,Adult BH,BH,Eligible,Eligible
SCOTTSDALE RECOVERY II LLC,Adult PCP,PCP,No Application,No Application
SCOTTSDALE RECOVERY II LLC,Justice,Justice,Eligible,Eligible
SCOTTSDALE RECOVERY II LLC,Peds BH,BH,No Application,No Application
SCOTTSDALE RECOVERY II LLC,Peds PCP,PCP,No Application,No Application
SE AZ BEHAVIORAL HLTH SERVICES,Adult BH,BH,Eligible,Eligible
SE AZ BEHAVIORAL HLTH SERVICES,Adult PCP,PCP,No Application,No Application
SE AZ BEHAVIORAL HLTH SERVICES,Justice,Justice,No Application,No Application
SE AZ BEHAVIORAL HLTH SERVICES,Peds BH,BH,No Application,No Application
SE AZ BEHAVIORAL HLTH SERVICES,Peds PCP,PCP,No Application,No Application
SEEK ARIZONA LLC,Adult BH,BH,No Application,No Application
SEEK ARIZONA LLC,Adult PCP,PCP,No Application,No Application
SEEK ARIZONA LLC,Justice,Justice,No Application,No Application
SEEK ARIZONA LLC,Peds BH,BH,Eligible,Eligible
SEEK ARIZONA LLC,Peds PCP,PCP,No Application,No Application
SIRI PRIYAM LLC,Adult BH,BH,No Application,No Application
SIRI PRIYAM LLC,Adult PCP,PCP,Rejected,Rejected
SIRI PRIYAM LLC,Justice,Justice,No Application,No Application
SIRI PRIYAM LLC,Peds BH,BH,No Application,No Application
SIRI PRIYAM LLC,Peds PCP,PCP,No Application,No Application
SJHMC PHYSICIAN SERVICES,Adult BH,BH,No Application,No Application
SJHMC PHYSICIAN SERVICES,Adult PCP,PCP,Eligible,Eligible
SJHMC PHYSICIAN SERVICES,Justice,Justice,No Application,No Application
SJHMC PHYSICIAN SERVICES,Peds BH,BH,No Application,No Application
SJHMC PHYSICIAN SERVICES,Peds PCP,PCP,Eligible,Eligible
SKYLINE PEDIATRICS PROFESSIONA,Adult BH,BH,No Application,No Application
SKYLINE PEDIATRICS PROFESSIONA,Adult PCP,PCP,No Application,No Application
SKYLINE PEDIATRICS PROFESSIONA,Justice,Justice,No Application,No Application
SKYLINE PEDIATRICS PROFESSIONA,Peds BH,BH,No Application,No Application
SKYLINE PEDIATRICS PROFESSIONA,Peds PCP,PCP,Eligible,Eligible
SOUTHWEST BEHAVIORAL HLTH SRVC,Adult BH,BH,Eligible,Eligible
SOUTHWEST BEHAVIORAL HLTH SRVC,Adult PCP,PCP,Eligible,Eligible
SOUTHWEST BEHAVIORAL HLTH SRVC,Justice,Justice,Eligible,Eligible
SOUTHWEST BEHAVIORAL HLTH SRVC,Peds BH,BH,Eligible,Eligible
SOUTHWEST BEHAVIORAL HLTH SRVC,Peds PCP,PCP,Eligible,Eligible
SOUTHWEST HUMAN DEVELOP INC,Adult BH,BH,No Application,No Application
SOUTHWEST HUMAN DEVELOP INC,Adult PCP,PCP,No Application,No Application
SOUTHWEST HUMAN DEVELOP INC,Justice,Justice,No Application,No Application
SOUTHWEST HUMAN DEVELOP INC,Peds BH,BH,Eligible,Eligible
SOUTHWEST HUMAN DEVELOP INC,Peds PCP,PCP,No Application,No Application
SOUTHWEST NETWORK INC,Adult BH,BH,Eligible,Eligible
SOUTHWEST NETWORK INC,Adult PCP,PCP,No Application,No Application
SOUTHWEST NETWORK INC,Justice,Justice,No Application,No Application
SOUTHWEST NETWORK INC,Peds BH,BH,Eligible,Eligible
SOUTHWEST NETWORK INC,Peds PCP,PCP,No Application,No Application
SPECTRUM HEALTHCARE GROUP INC,Adult BH,BH,Eligible,Eligible
SPECTRUM HEALTHCARE GROUP INC,Adult PCP,PCP,Eligible,Eligible
SPECTRUM HEALTHCARE GROUP INC,Justice,Justice,Eligible,Eligible
SPECTRUM HEALTHCARE GROUP INC,Peds BH,BH,Eligible,Eligible
SPECTRUM HEALTHCARE GROUP INC,Peds PCP,PCP,Eligible,Eligible
STEP BY STEP PEDIATRICS INC,Adult BH,BH,No Application,No Application
STEP BY STEP PEDIATRICS INC,Adult PCP,PCP,No Application,No Application
STEP BY STEP PEDIATRICS INC,Justice,Justice,No Application,No Application
STEP BY STEP PEDIATRICS INC,Peds BH,BH,No Application,No Application
STEP BY STEP PEDIATRICS INC,Peds PCP,PCP,Eligible,Eligible
SULTAN Y AYOUB RNP PLLC,Adult BH,BH,No Application,No Application
SULTAN Y AYOUB RNP PLLC,Adult PCP,PCP,Withdrawn,Withdrawn
SULTAN Y AYOUB RNP PLLC,Justice,Justice,No Application,No Application
SULTAN Y AYOUB RNP PLLC,Peds BH,BH,No Application,No Application
SULTAN Y AYOUB RNP PLLC,Peds PCP,PCP,Withdrawn,Withdrawn
TEAM 4 KIDS LLC,Adult BH,BH,No Application,No Application
TEAM 4 KIDS LLC,Adult PCP,PCP,No Application,No Application
TEAM 4 KIDS LLC,Justice,Justice,No Application,No Application
TEAM 4 KIDS LLC,Peds BH,BH,No Application,No Application
TEAM 4 KIDS LLC,Peds PCP,PCP,Rejected,Rejected
TERROS INC,Adult BH,BH,Eligible,Eligible
TERROS INC,Adult PCP,PCP,No Application,No Application
TERROS INC,Justice,Justice,Eligible,Eligible
TERROS INC,Peds BH,BH,No Application,No Application
TERROS INC,Peds PCP,PCP,No Application,No Application
THE GUIDANCE CENTER INC,Adult BH,BH,Eligible,Eligible
THE GUIDANCE CENTER INC,Adult PCP,PCP,Eligible,Eligible
THE GUIDANCE CENTER INC,Justice,Justice,Eligible,Eligible
THE GUIDANCE CENTER INC,Peds BH,BH,Eligible,Eligible
THE GUIDANCE CENTER INC,Peds PCP,PCP,Eligible,Eligible
THE PHOENIX CHILDREN'S CENTER,Adult BH,BH,No Application,No Application
THE PHOENIX CHILDREN'S CENTER,Adult PCP,PCP,No Application,No Application
THE PHOENIX CHILDREN'S CENTER,Justice,Justice,No Application,No Application
THE PHOENIX CHILDREN'S CENTER,Peds BH,BH,No Application,No Application
THE PHOENIX CHILDREN'S CENTER,Peds PCP,PCP,Eligible,Eligible
THE RIVER SOURCE TREATMENT CEN,Adult BH,BH,Rejected,Rejected
THE RIVER SOURCE TREATMENT CEN,Adult PCP,PCP,No Application,No Application
THE RIVER SOURCE TREATMENT CEN,Justice,Justice,No Application,No Application
THE RIVER SOURCE TREATMENT CEN,Peds BH,BH,No Application,No Application
THE RIVER SOURCE TREATMENT CEN,Peds PCP,PCP,No Application,No Application
TIGER CARE LLC,Adult BH,BH,No Application,No Application
TIGER CARE LLC,Adult PCP,PCP,No Application,No Application
TIGER CARE LLC,Justice,Justice,No Application,No Application
TIGER CARE LLC,Peds BH,BH,No Application,No Application
TIGER CARE LLC,Peds PCP,PCP,No Application,No Application
TLC PEDIATRICS PLLC,Adult BH,BH,No Application,No Application
TLC PEDIATRICS PLLC,Adult PCP,PCP,No Application,No Application
TLC PEDIATRICS PLLC,Justice,Justice,No Application,No Application
TLC PEDIATRICS PLLC,Peds BH,BH,No Application,No Application
TLC PEDIATRICS PLLC,Peds PCP,PCP,Rejected,Rejected
TMC MEDICAL NETWORK,Adult BH,BH,No Application,No Application
TMC MEDICAL NETWORK,Adult PCP,PCP,Eligible,Eligible
TMC MEDICAL NETWORK,Justice,Justice,No Application,No Application
TMC MEDICAL NETWORK,Peds BH,BH,No Application,No Application
TMC MEDICAL NETWORK,Peds PCP,PCP,Eligible,Eligible
TOTAL MEDICAL CARE LLC,Adult BH,BH,No Application,No Application
TOTAL MEDICAL CARE LLC,Adult PCP,PCP,Eligible,Eligible
TOTAL MEDICAL CARE LLC,Justice,Justice,No Application,No Application
TOTAL MEDICAL CARE LLC,Peds BH,BH,No Application,No Application
TOTAL MEDICAL CARE LLC,Peds PCP,PCP,Eligible,Eligible
TOUCHSTONE BEHAVIORAL HEALTH,Adult BH,BH,No Application,No Application
TOUCHSTONE BEHAVIORAL HEALTH,Adult PCP,PCP,No Application,No Application
TOUCHSTONE BEHAVIORAL HEALTH,Justice,Justice,No Application,No Application
TOUCHSTONE BEHAVIORAL HEALTH,Peds BH,BH,Eligible,Eligible
TOUCHSTONE BEHAVIORAL HEALTH,Peds PCP,PCP,No Application,No Application
TRIPLE M TRANSPORTATION LLC,Adult BH,BH,No Application,No Application
TRIPLE M TRANSPORTATION LLC,Adult PCP,PCP,No Application,No Application
TRIPLE M TRANSPORTATION LLC,Justice,Justice,No Application,No Application
TRIPLE M TRANSPORTATION LLC,Peds BH,BH,No Application,No Application
TRIPLE M TRANSPORTATION LLC,Peds PCP,PCP,No Application,No Application
VALLE DEL SOL INC,Adult BH,BH,Eligible,Eligible
VALLE DEL SOL INC,Adult PCP,PCP,No Application,No Application
VALLE DEL SOL INC,Justice,Justice,No Application,No Application
VALLE DEL SOL INC,Peds BH,BH,Eligible,Eligible
VALLE DEL SOL INC,Peds PCP,PCP,No Application,No Application
WEE CARE FAMILY CLINIC,Adult BH,BH,No Application,No Application
WEE CARE FAMILY CLINIC,Adult PCP,PCP,No Application,No Application
WEE CARE FAMILY CLINIC,Justice,Justice,No Application,No Application
WEE CARE FAMILY CLINIC,Peds BH,BH,No Application,No Application
WEE CARE FAMILY CLINIC,Peds PCP,PCP,Eligible,Eligible
WEST VALLEY PEDIATRICS PC,Adult BH,BH,No Application,No Application
WEST VALLEY PEDIATRICS PC,Adult PCP,PCP,No Application,No Application
WEST VALLEY PEDIATRICS PC,Justice,Justice,No Application,No Application
WEST VALLEY PEDIATRICS PC,Peds BH,BH,No Application,No Application
WEST VALLEY PEDIATRICS PC,Peds PCP,PCP,Eligible,Eligible
WEST YAVAPAI GUIDANCE CLINIC I,Adult BH,BH,Eligible,Eligible
WEST YAVAPAI GUIDANCE CLINIC I,Adult PCP,PCP,Eligible,Eligible
WEST YAVAPAI GUIDANCE CLINIC I,Justice,Justice,No Application,No Application
WEST YAVAPAI GUIDANCE CLINIC I,Peds BH,BH,Eligible,Eligible
WEST YAVAPAI GUIDANCE CLINIC I,Peds PCP,PCP,No Application,No Application
WILLIAMS FAMILY MEDICINE LLC,Adult BH,BH,No Application,No Application
WILLIAMS FAMILY MEDICINE LLC,Adult PCP,PCP,Rejected,Rejected
WILLIAMS FAMILY MEDICINE LLC,Justice,Justice,No Application,No Application
WILLIAMS FAMILY MEDICINE LLC,Peds BH,BH,No Application,No Application
WILLIAMS FAMILY MEDICINE LLC,Peds PCP,PCP,Rejected,Rejected
"WRIGHT FAMILY MEDICINE,INC",Adult BH,BH,No Application,No Application
"WRIGHT FAMILY MEDICINE,INC",Adult PCP,PCP,Eligible,Eligible
"WRIGHT FAMILY MEDICINE,INC",Justice,Justice,No Application,No Application
"WRIGHT FAMILY MEDICINE,INC",Peds BH,BH,No Application,No Application
"WRIGHT FAMILY MEDICINE,INC",Peds PCP,PCP,No Application,No Application
ZION INSTITUTE,Adult BH,BH,Withdrawn,Withdrawn
ZION INSTITUTE,Adult PCP,PCP,Withdrawn,Withdrawn
ZION INSTITUTE,Justice,Justice,No Application,No Application
ZION INSTITUTE,Peds BH,BH,Withdrawn,Withdrawn
ZION INSTITUTE,Peds PCP,PCP,Withdrawn,Withdrawn
